<?xml version="1.0" encoding="UTF-8"?>
<beans xmlns="http://www.springframework.org/schema/beans"
    xmlns:context="http://www.springframework.org/schema/context"
	xmlns:xsi="http://www.w3.org/2001/XMLSchema-instance" 
	xmlns:p="http://www.springframework.org/schema/p"
	xsi:schemaLocation="http://www.springframework.org/schema/beans 
	http://www.springframework.org/schema/beans/spring-beans-3.1.xsd 
	http://www.springframework.org/schema/context 
	http://www.springframework.org/schema/context/spring-context-3.1.xsd
	http://www.springframework.org/schema/tx 
	http://www.springframework.org/schema/tx/spring-tx.xsd"
	xmlns:tx="http://www.springframework.org/schema/tx">
    <context:component-scan base-package="cn.com.shiro.book"></context:component-scan>

	<bean id="dataSource" class="org.apache.commons.dbcp.BasicDataSource">
		<property name="url" value="jdbc:mysql://localhost:3306/demo_shiro">
		</property>
		<property name="username" value="root"></property>
		<property name="password" value="root"></property>
		<property name="driverClassName" value="com.mysql.jdbc.Driver"></property>
	</bean>
	<bean id="sessionFactory"
		class="org.springframework.orm.hibernate4.LocalSessionFactoryBean">
		<property name="dataSource">
			<ref bean="dataSource" />
		</property>
		<property name="hibernateProperties">
			<props>
				<prop key="hibernate.dialect">
					org.hibernate.dialect.MySQLDialect
				</prop>
				<prop key="hibernate.hbm2ddl.auto">update</prop>
				<prop key="show_sql">true</prop>
			</props>
		</property>
		<property name="mappingResources">
			<list>
				<value>cn/com/shiro/book/tp12/entity/ShrUser.hbm.xml</value>
				<value>
					cn/com/shiro/book/tp12/entity/ShrRolePermission.hbm.xml
				</value>
				<value>
					cn/com/shiro/book/tp12/entity/ShrResource.hbm.xml
				</value>
				<value>
					cn/com/shiro/book/tp12/entity/ShrSession.hbm.xml
				</value>
				<value>cn/com/shiro/book/tp12/entity/ShrRole.hbm.xml</value>
				<value>
					cn/com/shiro/book/tp12/entity/ShrResourceItem.hbm.xml
				</value>
				<value>
					cn/com/shiro/book/tp12/entity/ShrUserPermission.hbm.xml
				</value>
			</list>
		</property>
	</bean>
	<bean id="transactionManager"
		class="org.springframework.orm.hibernate4.HibernateTransactionManager">
		<property name="sessionFactory" ref="sessionFactory" />
	</bean>
	<tx:annotation-driven transaction-manager="transactionManager" />
	<bean id="ShrUserDAO" class="cn.com.shiro.book.tp12.hibernate.dao.ShrUserDAO">
		<property name="sessionFactory">
			<ref bean="sessionFactory" />
		</property>
	</bean>
	<bean id="ShrRolePermissionDAO" class="cn.com.shiro.book.tp12.hibernate.dao.ShrRolePermissionDAO">
		<property name="sessionFactory">
			<ref bean="sessionFactory" />
		</property>
	</bean>
	<bean id="ShrResourceDAO" class="cn.com.shiro.book.tp12.hibernate.dao.ShrResourceDAO">
		<property name="sessionFactory">
			<ref bean="sessionFactory" />
		</property>
	</bean>
	<bean id="ShrSessionDAO" class="cn.com.shiro.book.tp12.hibernate.dao.ShrSessionDAO">
		<property name="sessionFactory">
			<ref bean="sessionFactory" />
		</property>
	</bean>
	<bean id="ShrRoleDAO" class="cn.com.shiro.book.tp12.hibernate.dao.ShrRoleDAO">
		<property name="sessionFactory">
			<ref bean="sessionFactory" />
		</property>
	</bean>
	<bean id="ShrResourceItemDAO" class="cn.com.shiro.book.tp12.hibernate.dao.ShrResourceItemDAO">
		<property name="sessionFactory">
			<ref bean="sessionFactory" />
		</property>
	</bean>
	<bean id="ShrUserPermissionDAO" class="cn.com.shiro.book.tp12.hibernate.dao.ShrUserPermissionDAO">
		<property name="sessionFactory">
			<ref bean="sessionFactory" />
		</property>
	</bean>
	<bean id="UtilDAO" class="cn.com.shiro.book.tp12.hibernate.dao.UtilDAO">
		<property name="sessionFactory">
			<ref bean="sessionFactory" />
		</property>
	</bean>
	
	<bean id="passwordService" class="org.apache.shiro.authc.credential.DefaultPasswordService">
	   <property name="hashService"><!-- ddd -->
	      <bean class="org.apache.shiro.crypto.hash.DefaultHashService"></bean>
	   </property>
	   <property name="hashFormatFactory">
	     <bean class="org.apache.shiro.crypto.hash.format.DefaultHashFormatFactory"></bean>
	   </property>
	   <property name="hashFormat">
	     <bean class="org.apache.shiro.crypto.hash.format.Shiro1CryptFormat"></bean>
	   </property>
	</bean>
	<bean id="randomNumberGenerator" class="org.apache.shiro.crypto.SecureRandomNumberGenerator"></bean>
	
	<bean id="passwordMatcher" class="org.apache.shiro.authc.credential.PasswordMatcher">
	    <property name="passwordService" ref="passwordService"></property>
	</bean>
	<bean id="shiroRealm" class="cn.com.shiro.book.tp12.shiro.realm.ShiroRealm">
	   <property name="credentialsMatcher" ref="passwordMatcher"></property>
	   <property name="userService" ref="userServiceImpl"></property>
	</bean>
	<!-- 权限字符串解析器 -->
	<bean id="permResolver" class="cn.com.shiro.book.tp12.shiro.authz.permission.BitPermissionResolver"></bean>
	<!-- 授权控制器 -->
	<bean id="authorizer" class="org.apache.shiro.authz.ModularRealmAuthorizer">
	  <property name="permissionResolver" ref="permResolver"></property>
	</bean>
	
	<bean id="securityManager" class="org.apache.shiro.web.mgt.DefaultWebSecurityManager">
	   <!-- 一定要先设置授权器，再设置域，否则会抛出找不到域异常 -->
	   <property name="authorizer" ref="authorizer"></property>
	   <!-- <property name="realm" ref="shiroRealm"></property>
	    -->
	    <property name="realms">
	       <list>
	          <ref bean="shiroRealm"/>
	       </list>
	    </property>
	   
	</bean>
	<bean id="lifecycleBeanPostProcessor" class="org.apache.shiro.spring.LifecycleBeanPostProcessor"></bean>
	
	<bean name="shiroFilter" class="cn.com.shiro.book.tp12.shiro.config.MyShiroFilterFactoryBean">
	    <property name="securityManager" ref="securityManager"></property>
	    <!-- FilterChainDefinitions -->
	    <property name="itemService" ref="resourceItemServiceImpl"></property>
	</bean>
</beans>