<?xml version="1.0" encoding="utf-8"?>
<!DOCTYPE hibernate-mapping PUBLIC "-//Hibernate/Hibernate Mapping DTD 3.0//EN"
"http://www.hibernate.org/dtd/hibernate-mapping-3.0.dtd">
<!-- 
    Mapping file autogenerated by MyEclipse Persistence Tools
-->
<hibernate-mapping>
    <class name="cn.com.shiro.book.tp12.entity.ShrRole" table="shr_role" catalog="demo_shiro">
        <id name="rlId" type="java.lang.Integer">
            <column name="rl_id" />
            <generator class="identity" />
        </id>
        <property name="rlName" type="java.lang.String">
            <column name="rl_name" length="50" not-null="true" unique="true" />
        </property>
        <property name="rlRemark" type="java.lang.String">
            <column name="rl_remark" length="200" />
        </property>
        <set name="shrUsers" inverse="true" table="shr_ur_rl_map" catalog="demo_shiro">
            <key>
                <column name="rl_id" not-null="true" />
            </key>
            <many-to-many entity-name="cn.com.shiro.book.tp12.entity.ShrUser">
                <column name="ur_id" not-null="true" />
            </many-to-many>
        </set>
        <set name="shrRolePermissions" inverse="true">
            <key>
                <column name="prm_rl_id" not-null="true" />
            </key>
            <one-to-many class="cn.com.shiro.book.tp12.entity.ShrRolePermission" />
        </set>
    </class>
</hibernate-mapping>
