<?xml version="1.0" encoding="utf-8"?>
<!DOCTYPE hibernate-mapping PUBLIC "-//Hibernate/Hibernate Mapping DTD 3.0//EN"
"http://www.hibernate.org/dtd/hibernate-mapping-3.0.dtd">
<!-- 
    Mapping file autogenerated by MyEclipse Persistence Tools
-->
<hibernate-mapping>
    <class name="cn.com.shiro.book.tp12.entity.ShrResource" table="shr_resource" catalog="demo_shiro">
        <id name="rscId" type="java.lang.Integer">
            <column name="rsc_id" />
            <generator class="identity" />
        </id>
        <property name="rscName" type="java.lang.String">
            <column name="rsc_name" length="50" unique="true" />
        </property>
        <property name="rscRemark" type="java.lang.String">
            <column name="rsc_remark" length="200">
                <comment>权限操作码 1 创建 2 修改 4 删除 8 查看 16 打印 32 其他 64 其他</comment>
            </column>
        </property>
        <set name="shrResourceItems" inverse="true" cascade="all">
            <key>
                <column name="itm_rsc_id" not-null="true" />
            </key>
            <one-to-many class="cn.com.shiro.book.tp12.entity.ShrResourceItem" />
        </set>
        <set name="shrUserPermissions" inverse="true">
            <key>
                <column name="prm_rsc_id" not-null="true" />
            </key>
            <one-to-many class="cn.com.shiro.book.tp12.entity.ShrUserPermission" />
        </set>
        <set name="shrRolePermissions" inverse="true">
            <key>
                <column name="prm_rsc_id" not-null="true" />
            </key>
            <one-to-many class="cn.com.shiro.book.tp12.entity.ShrRolePermission" />
        </set>
    </class>
</hibernate-mapping>
