<?xml version="1.0" encoding="utf-8"?>
<!DOCTYPE hibernate-mapping PUBLIC "-//Hibernate/Hibernate Mapping DTD 3.0//EN"
"http://www.hibernate.org/dtd/hibernate-mapping-3.0.dtd">
<!-- 
    Mapping file autogenerated by MyEclipse Persistence Tools
-->
<hibernate-mapping>
    <class name="cn.com.shiro.book.tp12.entity.ShrResourceItem" table="shr_resource_item" catalog="demo_shiro">
        <id name="itmId" type="java.lang.Integer">
            <column name="itm_id" />
            <generator class="identity" />
        </id>
        <many-to-one name="shrResource" class="cn.com.shiro.book.tp12.entity.ShrResource" fetch="select" cascade="save-update">
            <column name="itm_rsc_id" not-null="true" />
        </many-to-one>
        <property name="itmType" type="java.lang.Integer">
            <column name="itm_type" not-null="true">
                <comment>1 创建 2修改 4删除 8查看 16打印 32其他 64其他</comment>
            </column>
        </property>
        <property name="itmUrl" type="java.lang.String">
            <column name="itm_url" length="200" />
        </property>
        <property name="itmRemark" type="java.lang.String">
            <column name="itm_remark" length="500" />
        </property>
    </class>
</hibernate-mapping>
