<?xml version="1.0" encoding="utf-8"?>
<!DOCTYPE hibernate-mapping PUBLIC "-//Hibernate/Hibernate Mapping DTD 3.0//EN"
"http://www.hibernate.org/dtd/hibernate-mapping-3.0.dtd">
<!-- 
    Mapping file autogenerated by MyEclipse Persistence Tools
-->
<hibernate-mapping>
    <class name="cn.com.shiro.book.tp12.entity.ShrRolePermission" table="shr_role_permission" catalog="demo_shiro">
        <id name="prmId" type="java.lang.Integer">
            <column name="prm_id" />
            <generator class="identity" />
        </id>
        <many-to-one name="shrResource" class="cn.com.shiro.book.tp12.entity.ShrResource" fetch="select">
            <column name="prm_rsc_id" not-null="true" />
        </many-to-one>
        <many-to-one name="shrRole" class="cn.com.shiro.book.tp12.entity.ShrRole" fetch="select">
            <column name="prm_rl_id" not-null="true" />
        </many-to-one>
        <property name="prmOperationCode" type="java.lang.Integer">
            <column name="prm_operation_code" not-null="true" />
        </property>
    </class>
</hibernate-mapping>
