<?xml version="1.0" encoding="utf-8"?>
<!DOCTYPE hibernate-mapping PUBLIC "-//Hibernate/Hibernate Mapping DTD 3.0//EN"
"http://www.hibernate.org/dtd/hibernate-mapping-3.0.dtd">
<!-- 
    Mapping file autogenerated by MyEclipse Persistence Tools
-->
<hibernate-mapping>
    <class name="cn.com.shiro.book.tp12.entity.ShrSession" table="shr_session" catalog="demo_shiro">
        <id name="sessionId" type="java.lang.String">
            <column name="session_id" length="200" />
            <generator class="identity" />
        </id>
        <property name="sessionValue" type="java.lang.String">
            <column name="session_value" length="2000" />
        </property>
    </class>
</hibernate-mapping>
