<?xml version="1.0" encoding="utf-8"?>
<!DOCTYPE hibernate-mapping PUBLIC "-//Hibernate/Hibernate Mapping DTD 3.0//EN"
"http://www.hibernate.org/dtd/hibernate-mapping-3.0.dtd">
<!-- 
    Mapping file autogenerated by MyEclipse Persistence Tools
-->
<hibernate-mapping>
    <class name="cn.com.shiro.book.tp12.entity.ShrUser" table="shr_user" catalog="demo_shiro">
        <id name="urId" type="java.lang.Integer">
            <column name="ur_id" />
            <generator class="identity" />
        </id>
        <property name="urUserName" type="java.lang.String">
            <column name="ur_user_name" length="20" not-null="true" unique="true" />
        </property>
        <property name="urPassword" type="java.lang.String">
            <column name="ur_password" length="100" />
        </property>
        <property name="urSalt" type="java.lang.String">
            <column name="ur_salt" length="50" />
        </property>
        <set name="shrRoles" table="shr_ur_rl_map" catalog="demo_shiro">
            <key>
                <column name="ur_id" not-null="true" />
            </key>
            <many-to-many entity-name="cn.com.shiro.book.tp12.entity.ShrRole">
                <column name="rl_id" not-null="true" />
            </many-to-many>
        </set>
        <set name="shrUserPermissions" inverse="true">
            <key>
                <column name="prm_ur_id" not-null="true" />
            </key>
            <one-to-many class="cn.com.shiro.book.tp12.entity.ShrUserPermission" />
        </set>
    </class>
</hibernate-mapping>
